{"stats":{"minecraft:custom":{"minecraft:jump":276,"minecraft:time_since_rest":7134,"minecraft:damage_dealt":85,"minecraft:damage_taken":225,"minecraft:leave_game":2,"minecraft:crouch_one_cm":550,"minecraft:time_since_death":7112,"minecraft:play_time":14888,"minecraft:sprint_one_cm":15860,"minecraft:walk_one_cm":3882,"minecraft:walk_on_water_one_cm":309,"minecraft:deaths":1,"minecraft:sneak_time":214,"minecraft:total_world_time":14888,"minecraft:walk_under_water_one_cm":466,"minecraft:swim_one_cm":1372,"minecraft:fall_one_cm":7865,"minecraft:fly_one_cm":78308},"minecraft:mined":{"minecraft:ice":2,"minecraft:grass":1,"minecraft:packed_ice":8}},"DataVersion":3465}