{"stats":{"minecraft:custom":{"minecraft:jump":243,"minecraft:time_since_rest":1434,"minecraft:deaths":1,"minecraft:walk_on_water_one_cm":309,"minecraft:damage_dealt":85,"minecraft:crouch_one_cm":380,"minecraft:leave_game":2,"minecraft:play_time":9188,"minecraft:sprint_one_cm":14064,"minecraft:damage_taken":205,"minecraft:time_since_death":1412,"minecraft:walk_one_cm":3206,"minecraft:sneak_time":148,"minecraft:total_world_time":9188,"minecraft:walk_under_water_one_cm":466,"minecraft:swim_one_cm":1372,"minecraft:fall_one_cm":6509,"minecraft:fly_one_cm":66443},"minecraft:mined":{"minecraft:packed_ice":8}},"DataVersion":3465}